﻿<?xml version="1.0" encoding="UTF-8" standalone="yes"?>
<addon id="plugin.audio.music.yandex" name="Яндекс Музыка" version="0.1.2" provider-name="DesSolo, dandy">
    <requires>
        <import addon="xbmc.python" version="2.1.0"/>
    </requires>
    <extension point="xbmc.python.pluginsource" provides="audio" library="default.py">>
        <provides>audio</provides>
    </extension>
    <extension point= "xbmc.addon.metadata">
        <summary>Яндекс Музыка</summary>
        <description>Яндекс.Музыка — стриминговый сервис компании «Яндекс», позволяющий прослушивать музыкальные композиции, альбомы, подборки музыкальных треков и получать персональные рекомендации. Также существуют приложения для iOS, Android, Windows и Windows Phone. Без подписки сервис доступен пользователям из следующих стран: Азербайджан, Армения, Беларусь, Грузия, Израиль, Казахстан, Кыргызстан, Молдова, Россия, Таджикистан, Туркменистан, Узбекистан.</description>
        <description>For personal use only</description>
        <platform>all</platform>
    </extension>
</addon>
