﻿<?xml version="1.0" encoding="UTF-8" standalone="yes"?>
<addon id="script.dandy.domain.manager" name="Domain Manager" version="2.0.0" provider-name="dandy">
  <requires>
    <import addon="xbmc.python" version="3.0.0"/>
    <import addon="script.module.simplejson" version="3.17.0"/>
    <import addon="script.module.xbmc.helpers" version="3.0.0"/>
  </requires>
  <extension point="xbmc.python.script" library="default.py">
    <provides>executable</provides>
  </extension>
  <extension point="xbmc.python.pluginsource" provides="video" library="default.py">
    <provides>video</provides>
  </extension>
  <extension point="xbmc.addon.metadata">
    <platform>all</platform>
    <summary lang="en">Domain Manager</summary>
    <description lang="en">Manage domain setting in Kodi add-ons</description>
    <disclaimer lang="en"></disclaimer>
    <language></language>
    <license>GNU GPL v.3</license>
    <assets>
        <icon>icon.png</icon>
    </assets>
  </extension>  
</addon>
