<?xml version="1.0" encoding="UTF-8" standalone="yes"?>
<addon id="plugin.audio.iplayer.fm" name="iPlayer.fm" version="3.0.0" provider-name="mrstealth, dandy">
  <requires>
    <import addon="xbmc.python" version="3.0.0"/>
    <import addon="script.module.xbmc.helpers" version="3.0.0"/>
    <import addon="script.module.translit" version="3.0.0"/>
  </requires>
  <extension point="xbmc.python.pluginsource" provides="audio" library="default.py">
    <provides>audio</provides>
  </extension>
  <extension point="xbmc.addon.metadata">
    <summary>iPlayer.fm - Самые популярые песни</summary>
    <description>For personal use only</description>
    <platform>all</platform>
    <assets>
        <icon>icon.png</icon>
        <fanart>fanart.jpg</fanart>
    </assets>
  </extension>
</addon>
