<?xml version="1.0" encoding="UTF-8" standalone="yes"?>
<addon id='script.module.favorites' name='Favorites for xbmc plugins' provider-name='mrstealth, dandy' version='2.1.0'>
  <requires>
    <import addon="xbmc.python" version="2.1.0" />
  </requires>
  <extension library="default.py" point="xbmc.service" />
  <extension point="xbmc.addon.metadata">
    <summary lang="en">Favorites for xbmc plugins</summary>
    <platform>all</platform>
  </extension>
  <extension point="xbmc.python.module" library="lib"/>
</addon>
