<?xml version="1.0" encoding="UTF-8" standalone="yes"?>
<addon id="plugin.video.kinokong.net" name="Kinokong.net" version="1.4.6" provider-name="MrStealth, dandy">
  <requires>
    <import addon="xbmc.python" version="2.1.0"/>
    <import addon="script.module.xbmc.helpers" version="2.1.0"/>
    <import addon="script.module.translit" version="2.1.0"/>
    <import addon="script.module.videohosts" version="1.0.0"/>
    <import addon="script.module.dandy.search.history" version="1.0.0"/>
  </requires>
  <extension point="xbmc.python.pluginsource" provides="video" library="default.py">
    <provides>video</provides>
  </extension>
  <extension point="xbmc.addon.metadata">
    <summary>Kinokong.net</summary>
    <description>For personal use only</description>
    <platform>all</platform>
  </extension>
</addon>
