<?xml version="1.0" encoding="UTF-8" standalone="yes"?>
<addon id="repository.dandy" name="Dandy Kodi" version="1.0.1" provider-name="dandy">
	<extension point="xbmc.addon.repository" name="Dandy Kodi Add-ons Repository">
		<info compressed="false">https://raw.github.com/dandygithub/kodi/master/addons/addons.xml</info>
		<checksum>https://raw.github.com/dandygithub/kodi/master/addons/addons.xml.md5</checksum>
		<datadir zip="true">https://raw.github.com/dandygithub/kodi/master/addons/zip/</datadir>
	</extension>
	<extension point="xbmc.addon.metadata">
		<summary>Install Add-ons from Dandy add-on repository</summary>
		<description>Download and install add-ons by dandy</description>
		<disclaimer>Add-ons for home usage in Kodi</disclaimer>
		<platform>all</platform>
	</extension>
</addon>
