﻿<?xml version="1.0" encoding="UTF-8" standalone="yes"?>
<addon id="plugin.video.kinokong.net" name="Kinokong.net" version="2.0.3" provider-name="MrStealth, dandy">
  <requires>
    <import addon="xbmc.python" version="3.0.0"/>
    <import addon="script.module.xbmc.helpers" version="3.0.0"/>
    <import addon="script.module.translit" version="3.0.0"/>
    <import addon="script.module.videohosts" version="3.0.0"/>
    <import addon="script.module.dandy.search.history" version="3.0.0"/>
  </requires>
  <extension point="xbmc.python.pluginsource" provides="video" library="default.py">
    <provides>video</provides>
  </extension>
  <extension point="xbmc.addon.metadata">
    <summary>Kinokong.net</summary>
    <description>For personal use only</description>
    <platform>all</platform>
    <assets>
        <icon>icon.png</icon>
        <fanart>fanart.jpg</fanart>
    </assets>
  </extension>
</addon>
