<?xml version="1.0" encoding="UTF-8" standalone="yes"?>
<addon id="plugin.video.dandy.rutube.ru" name="RuTube.ru (UnifiedSearch)" version="1.0.0" provider-name="dandy, MrStealth">
  <requires>
    <import addon="xbmc.python" version="2.1.0"/>
    <import addon="script.module.xbmc.helpers" version="2.0.0"/>
    <import addon="script.module.translit" version="2.0.1"/>
  </requires>
  <extension point="xbmc.python.pluginsource"  provides="video" library="default.py"><provides>video</provides></extension>
  <extension point="xbmc.addon.metadata">
    <summary>Видео от RuTube.ru</summary>
    <description>Видео от RuTube.ru</description>
    <platform>all</platform>
  </extension>
</addon>
