<?xml version="1.0" encoding="UTF-8" standalone="yes"?>
<addon id="context.dandy.mediainfo" name="Media Info" version="1.3.2" provider-name="dandy">
  <requires>
    <import addon="xbmc.python" version="2.1.0"/>
    <import addon="script.module.simplejson" version="2.0.10"/>
    <import addon="script.extendedinfo" version="2.0.6"/>
  </requires>
  <extension point="kodi.context.item" library="default.py">
    <item>
      <label>32000</label>
      <visible>Container.Content(tvshows)|Container.Content(movies)|Container.Content(musicvideos)|Pvr.HasTVChannels</visible>
    </item>
  </extension>
  <extension point="kodi.addon.metadata">
    <platform>all</platform>
    <summary lang="en">Open Media Info by current Item</summary>
    <description lang="en">Open Media Info by current Item</description>
    <license>GNU GENERAL PUBLIC LICENSE. Version 3, 29 June 2007</license>
    <forum></forum>
    <source></source>
  </extension>
</addon>
