<?xml version="1.0" encoding="UTF-8" standalone="yes"?>
<addon id="plugin.video.dandy.cxz.by" name="Popcorn BY" version="1.1.0" provider-name="dandy">
  <requires>
    <import addon="xbmc.python" version="2.1.0"/>
    <import addon="script.module.xbmc.helpers" version="2.0.0"/>
    <import addon="script.module.videohosts" version="1.0.0"/>
  </requires>
  <extension point="xbmc.python.pluginsource" provides="video" library="default.py">
    <provides>video</provides>
  </extension>
  <extension point="xbmc.addon.metadata">
    <summary>Фильмы, сериалы и ТВ от Кукуруза BY</summary>
    <description>Фильмы, сериалы и ТВ от Кукуруза BY</description>
    <platform>all</platform>
  </extension>
</addon>
