﻿<?xml version="1.0" encoding="UTF-8" standalone="yes"?>
<addon id="plugin.video.tivix.net" name="Tivix.net" version="2.4.3" provider-name="mrstealth, dandy">
    <requires>
        <import addon="xbmc.python" version="2.1.0"/>
        <import addon="script.module.xbmc.helpers" version="2.1.0"/>
    </requires>
    <extension point="xbmc.python.pluginsource" library="default.py">>
        <provides>video</provides>
    </extension>
    <extension point= "xbmc.addon.metadata">
        <summary>Tivix.net</summary>
        <description>Tivix.net</description>
        <description>For personal use only</description>
        <platform>all</platform>
    </extension>
</addon>
