﻿<?xml version="1.0" encoding="UTF-8" standalone="yes"?>
<addon id="plugin.video.dandy.videokvadrat.com" name="videokvadrat.com" version="1.1.2" provider-name="dandy">
    <requires>
        <import addon="xbmc.python" version="2.1.0"/>
        <import addon="script.module.xbmc.helpers" version="2.1.0"/>
    </requires>
    <extension point="xbmc.python.pluginsource" library="default.py">>
        <provides>video</provides>
    </extension>
    <extension point= "xbmc.addon.metadata">
        <summary>videokvadrat.com</summary>
        <description>Видеоквадрат (http://videokvadrat.com)</description>
        <description>For personal use only</description>
        <platform>all</platform>
    </extension>
</addon>
