<?xml version="1.0" encoding="UTF-8" standalone="yes"?>
<addon id="context.dandy.kinopoisk.sc" name="Kinopoisk Search Content" version="1.6.2" provider-name="dandy">
  <requires>
    <import addon="xbmc.python" version="2.1.0"/>
    <import addon="script.module.xbmc.helpers" version="2.0.0"/>
    <import addon="script.module.videohosts" version="1.0.0"/>
  </requires>
  <extension point="xbmc.python.pluginsource" library="plugin.py">
    <provides>video</provides>
  </extension>
  <extension point="xbmc.python.script" library="plugin.py">
    <provides>executable</provides>
  </extension>
  <extension point="kodi.context.item" library="default.py">
    <item>
      <label>$ADDON[context.dandy.kinopoisk.sc 32000]</label>
      <visible>Container.Content(tvshows)|Container.Content(movies)|Container.Content(musicvideos)</visible>
    </item>
  </extension>
  <extension point="kodi.addon.metadata">
    <platform>all</platform>
    <summary lang="en">Kinopoisk Search Content</summary>
    <description lang="en">Kinopoisk Search Content</description>
    <license>GNU GENERAL PUBLIC LICENSE. Version 3, 29 June 2007</license>
    <forum></forum>
    <source></source>
  </extension>
</addon>
