<?xml version="1.0" encoding="UTF-8" standalone="yes"?>
<addon id="plugin.video.kinoprosmotr.net" name="Kinoprosmotr.net" version="2.3.9" provider-name="MrStealth, dandy">
  <requires>
    <import addon="xbmc.python" version="2.1.0"/>
    <import addon="script.module.xbmc.helpers" version="2.1.0"/>
    <import addon="script.module.translit" version="2.1.0"/>
  </requires>
  <extension point="xbmc.python.pluginsource" provides="video" library="default.py">
    <provides>video</provides>
  </extension>
  <extension point="xbmc.addon.metadata">
    <summary>Kinoprosmotr.net</summary>
    <description>For personal use only</description>
    <platform>all</platform>
  </extension>
</addon>
