<?xml version="1.0" encoding="UTF-8" standalone="yes"?>
<addon id="plugin.audio.dandy.amdm.ru" name="AmDm.ru" version="2.0.1" provider-name="dandy">
  <requires>
    <import addon="xbmc.python" version="3.0.0"/>
    <import addon="script.module.xbmc.helpers" version="3.0.0"/>
  </requires>
  <extension point="xbmc.python.pluginsource"  provides="audio" library="default.py">
  <provides>audio</provides></extension>
  <extension point="xbmc.addon.metadata">
    <summary>Аккорды от AmDm.ru</summary>
    <description>Аккорды от AmDm.ru</description>
    <platform>all</platform>
    <assets>
        <icon>icon.png</icon>
        <fanart>fanart.jpg</fanart>
    </assets>
  </extension>
</addon>
