﻿<?xml version="1.0" encoding="UTF-8" standalone="yes"?>
<addon id="script.module.videohosts" name="VideoHosts" version="1.0.11" provider-name="dandy">
  <requires>
    <import addon="xbmc.python" version="2.1.0"/>
    <import addon="script.module.xbmc.helpers" version="2.0.0"/>
  </requires>
  <extension point='xbmc.service' library="default.py" />
  <extension point="xbmc.python.module" library="lib" />
  <extension point="xbmc.addon.metadata">
    <platform>all</platform>
    <summary lang="en">VideoHosts</summary>
    <description lang="en">VideoHosts</description>
    <disclaimer lang="en"></disclaimer>
    <language></language>
    <license>GNU GPL v.3</license>
  </extension>  
</addon>
