<?xml version="1.0" encoding="UTF-8" standalone="yes"?>
<addon id="repository.dandy.kodi" name="Dandy's Kodi Repository (Matrix)" version="2.1.0" provider-name="dandy">
    <extension point="xbmc.addon.repository" name="Dandy Kodi Add-ons Repository">
        <dir minversion="18.9.0">
            <info>https://raw.github.com/dandygithub/kodi/matrix/addons/addons.xml</info>
            <checksum>https://raw.github.com/dandygithub/kodi/matrix/addons/addons.xml.md5</checksum>
            <datadir zip="true">https://raw.github.com/dandygithub/kodi/matrix/addons/zip/</datadir>
        </dir>
    </extension>
    <extension point="xbmc.addon.metadata">
        <summary>Install Add-ons from Dandy add-on repository</summary>
        <description>Download and install add-ons from dandy</description>
        <disclaimer>Add-ons for home usage in Kodi</disclaimer>
        <platform>all</platform>
        <assets>
            <icon>icon.png</icon>
            <fanart>fanart.jpg</fanart>
        </assets>
    </extension>
</addon>
