<?xml version="1.0" encoding="UTF-8" standalone="yes"?>
<addon id="plugin.audio.dandy.amdm.ru" name="AmDm.ru" version="1.0.2" provider-name="dandy">
  <requires>
    <import addon="xbmc.python" version="2.1.0"/>
    <import addon="script.module.xbmc.helpers" version="2.1.0"/>
  </requires>
  <extension point="xbmc.python.pluginsource"  provides="audio" library="default.py"><provides>audio</provides></extension>
  <extension point="xbmc.addon.metadata">
    <summary>Аккорды от AmDm.ru</summary>
    <description>Аккорды от AmDm.ru</description>
    <platform>all</platform>
  </extension>
</addon>
