﻿<?xml version="1.0" encoding="UTF-8" standalone="yes"?>
<addon id="plugin.audio.music.yandex" name="Яндекс Музыка" version="0.1.4" provider-name="DesSolo, dandy, Eviloid">
  <requires>
    <import addon="xbmc.python" version="3.0.0"/>
    <import addon="script.module.requests"/>
  </requires>
  <extension point="xbmc.python.pluginsource" provides="audio" library="default.py">>
    <provides>audio</provides>
  </extension>
  <extension point= "xbmc.addon.metadata">
    <summary>Яндекс Музыка</summary>
    <description>Яндекс.Музыка — стриминговый сервис компании «Яндекс», позволяющий прослушивать музыкальные композиции, альбомы, подборки музыкальных треков и получать персональные рекомендации. Также существуют приложения для iOS, Android, Windows и Windows Phone.</description>
    <description>For personal use only</description>
    <platform>all</platform>
    <assets>
      <icon>icon.png</icon>
      <fanart>fanart.jpg</fanart>
    </assets>
  </extension>
</addon>
