<?xml version="1.0" encoding="UTF-8" standalone="yes"?>
<addon id='script.module.favorites' name='Favorites for Kodi plugins' provider-name='mrstealth, dandy' version='2.2.0'>
  <requires>
    <import addon="xbmc.python" version="2.1.0" />
    <import addon="script.module.simplejson" version="3.3.0"/>
  </requires>
  <extension library="default.py" point="xbmc.service" />
  <extension point="xbmc.python.pluginsource" provides="video" library="default.py">
    <provides>video</provides>
  </extension>
  <extension point="xbmc.addon.metadata">
    <summary lang="en">Favorites for xbmc plugins</summary>
    <platform>all</platform>
  </extension>
  <extension point="xbmc.python.module" library="lib"/>
</addon>
